This is sentence number 1.	Esta es la frase número 1.
This is sentence number 2.	Esta es la frase número 2.
This is sentence number 3.	Esta es la frase número 3.
This is sentence number 4.	Esta es la frase número 4.
This is sentence number 5.	Esta es la frase número 5.
This is sentence number 6.	Esta es la frase número 6.
This is sentence number 7.	Esta es la frase número 7.
This is sentence number 8.	Esta es la frase número 8.
This is sentence number 9.	Esta es la frase número 9.
This is sentence number 10.	Esta es la frase número 10.
This is sentence number 11.	Esta es la frase número 11.
This is sentence number 12.	Esta es la frase número 12.
This is sentence number 13.	Esta es la frase número 13.
This is sentence number 14.	Esta es la frase número 14.
This is sentence number 15.	Esta es la frase número 15.
This is sentence number 16.	Esta es la frase número 16.
This is sentence number 17.	Esta es la frase número 17.
This is sentence number 18.	Esta es la frase número 18.
This is sentence number 19.	Esta es la frase número 19.
This is sentence number 20.	Esta es la frase número 20.
This is sentence number 21.	Esta es la frase número 21.
This is sentence number 22.	Esta es la frase número 22.
This is sentence number 23.	Esta es la frase número 23.
This is sentence number 24.	Esta es la frase número 24.
This is sentence number 25.	Esta es la frase número 25.
This is sentence number 26.	Esta es la frase número 26.
This is sentence number 27.	Esta es la frase número 27.
This is sentence number 28.	Esta es la frase número 28.
This is sentence number 29.	Esta es la frase número 29.
This is sentence number 30.	Esta es la frase número 30.
